file_path,source
"K:\.ai_local\SwarmUI\Models\clip\gemma_2_2b_fp16.safetensors","UNKNOWN"
"K:\.ai_local\SwarmUI\Models\clip\gemma_3_12B_it_fp4_mixed.safetensors","UNKNOWN"
"K:\.ai_local\SwarmUI\Models\clip\llama_3.1_8b_instruct_fp8_scaled.safetensors","UNKNOWN"
"K:\.ai_local\SwarmUI\Models\clip\long_clip_g_hi_dream.safetensors","UNKNOWN"
"K:\.ai_local\SwarmUI\Models\clip\long_clip_l_hi_dream.safetensors","UNKNOWN"
"K:\.ai_local\SwarmUI\Models\clip\qwen_2.5_vl_7b_fp8_scaled.safetensors","UNKNOWN"
"K:\.ai_local\SwarmUI\Models\clip\qwen_3_4b.safetensors","UNKNOWN"
"K:\.ai_local\SwarmUI\Models\clip\t5xxl_enconly.safetensors","UNKNOWN"
"K:\.ai_local\SwarmUI\Models\clip\t5xxl_fp16.safetensors","UNKNOWN"
"K:\.ai_local\SwarmUI\Models\clip\umt5_xxl_fp8_e4m3fn_scaled.safetensors","UNKNOWN"
"K:\.ai_local\SwarmUI\Models\clip_vision\CLIP-ViT-bigG-14-laion2B-39B-b160k.safetensors","UNKNOWN"
"K:\.ai_local\SwarmUI\Models\clip_vision\clip_vision_g.safetensors","UNKNOWN"
"K:\.ai_local\SwarmUI\Models\clip_vision\clip_vision_h.safetensors","UNKNOWN"
"K:\.ai_local\SwarmUI\Models\clip_vision\clip_vit_large_patch14_336.safetensors","UNKNOWN"
"K:\.ai_local\SwarmUI\Models\clip_vision\sigclip_vision_patch14_384.safetensors","UNKNOWN"
"K:\.ai_local\SwarmUI\Models\clipseg\clipseg-rd64-refined-fp16-safetensors\model.safetensors","UNKNOWN"
"K:\.ai_local\SwarmUI\Models\controlnet\diffusers_xl_canny_full.safetensors","UNKNOWN"
"K:\.ai_local\SwarmUI\Models\controlnet\kohya_controllllite_xl_canny.safetensors","UNKNOWN"
"K:\.ai_local\SwarmUI\Models\controlnet\kohya_controllllite_xl_depth.safetensors","UNKNOWN"
"K:\.ai_local\SwarmUI\Models\controlnet\sai_xl_canny_256lora.safetensors","UNKNOWN"
"K:\.ai_local\SwarmUI\Models\controlnet\t2i-adapter_diffusers_xl_canny.safetensors","UNKNOWN"
"K:\.ai_local\SwarmUI\Models\controlnet\t2i-adapter_diffusers_xl_depth_midas.safetensors","UNKNOWN"
"K:\.ai_local\SwarmUI\Models\controlnet\t2i-adapter_diffusers_xl_depth_zoe.safetensors","UNKNOWN"
"K:\.ai_local\SwarmUI\Models\controlnet\t2i-adapter_xl_canny.safetensors","UNKNOWN"
"K:\.ai_local\SwarmUI\Models\controlnet\thibaud_xl_openpose.safetensors","UNKNOWN"
"K:\.ai_local\SwarmUI\Models\controlnet\Xinsir_controlnet-tile-sdxl-1.0.safetensors","UNKNOWN"
"K:\.ai_local\SwarmUI\Models\diffusers\t2i-adapter_diffusers_xl_canny.safetensors","UNKNOWN"
"K:\.ai_local\SwarmUI\Models\diffusion_models\flux2_berthe_morisot.safetensors","UNKNOWN"
"K:\.ai_local\SwarmUI\Models\diffusion_models\SEXGOD_FemaleNudity_QwenEdit_2511_v2.safetensors","UNKNOWN"
"K:\.ai_local\SwarmUI\Models\diffusion_models\Wan\Phantom-Wan-14B_fp8_e4m3fn.safetensors","UNKNOWN"
"K:\.ai_local\SwarmUI\Models\diffusion_models\wan2.1_i2v_720p_14B_fp8_e4m3fn.safetensors","UNKNOWN"
"K:\.ai_local\SwarmUI\Models\diffusion_models\wan2.1_i2v_720p_14B_fp8_scaled.safetensors","UNKNOWN"
"K:\.ai_local\SwarmUI\Models\diffusion_models\wan2.2_t2v_high_noise_14B_fp8_scaled.safetensors","UNKNOWN"
"K:\.ai_local\SwarmUI\Models\diffusion_models\wan2.2_t2v_lightx2v_4steps_lora_v1.1_high_noise.safetensors","UNKNOWN"
"K:\.ai_local\SwarmUI\Models\diffusion_models\wan2.2_t2v_lightx2v_4steps_lora_v1.1_low_noise.safetensors","UNKNOWN"
"K:\.ai_local\SwarmUI\Models\diffusion_models\wan2.2_t2v_low_noise_14B_fp8_scaled.safetensors","UNKNOWN"
"K:\.ai_local\SwarmUI\Models\embeddings\CyberRealistic_Negative_-_SDXL.safetensors","UNKNOWN"
"K:\.ai_local\SwarmUI\Models\embeddings\Event_Horizon_emotions_-_Climax_v1-0.safetensors","UNKNOWN"
"K:\.ai_local\SwarmUI\Models\embeddings\Event_Horizon_emotions_-_Shocked_v1-0.safetensors","UNKNOWN"
"K:\.ai_local\SwarmUI\Models\embeddings\Illustrious\Stable_Yogis_Illustrious_Negatives_-_v1-0.safetensors","UNKNOWN"
"K:\.ai_local\SwarmUI\Models\embeddings\Illustrious\Stable_Yogis_Illustrious_Positives_-_v1-0.safetensors","UNKNOWN"
"K:\.ai_local\SwarmUI\Models\embeddings\Illustrious_Positive___Negative.safetensors","UNKNOWN"
"K:\.ai_local\SwarmUI\Models\embeddings\Lazy_Embeddings_for_ALL_illustrious_NoobAI_Pony_SDXL_models_LazyPositive_LazyNegative_lazyneg_v3-1.safetensors","UNKNOWN"
"K:\.ai_local\SwarmUI\Models\embeddings\Lazy_Embeddings_for_ALL_illustrious_NoobAI_Pony_SDXL_models_LazyPositive_LazyNegative_lazypos_v2.safetensors","UNKNOWN"
"K:\.ai_local\SwarmUI\Models\embeddings\Negative_-_Positive_Embeddings_By_Stable_Yogi_-_Stable_Yogis_PDXL_+Ve.safetensors","UNKNOWN"
"K:\.ai_local\SwarmUI\Models\embeddings\Stable_Yogis_Illustrious_Negatives_-_v1-0.safetensors","UNKNOWN"
"K:\.ai_local\SwarmUI\Models\embeddings\Stable_Yogis_Illustrious_Positives_-_v1-0.safetensors","UNKNOWN"
"K:\.ai_local\SwarmUI\Models\embeddings\Stable_Yogis_PDXL_Negatives_-_Anatomy_Negatives_v1-0.safetensors","UNKNOWN"
"K:\.ai_local\SwarmUI\Models\embeddings\Stable_Yogis_PDXL_Negatives_-_v2-0.safetensors","UNKNOWN"
"K:\.ai_local\SwarmUI\Models\embeddings\Stable_Yogis_PDXL_Positives_-_Realism_Positives_v1-0.safetensors","UNKNOWN"
"K:\.ai_local\SwarmUI\Models\ipadapter\faceid.sdxl.lora.safetensors","UNKNOWN"
"K:\.ai_local\SwarmUI\Models\ipadapter\ip-adapter-full-face_sd15.safetensors","UNKNOWN"
"K:\.ai_local\SwarmUI\Models\ipadapter\ip-adapter-plus-face_sd15.safetensors","UNKNOWN"
"K:\.ai_local\SwarmUI\Models\ipadapter\ip-adapter-plus-face_sdxl_vit-h.safetensors","UNKNOWN"
"K:\.ai_local\SwarmUI\Models\ipadapter\ip-adapter-plus_sd15.safetensors","UNKNOWN"
"K:\.ai_local\SwarmUI\Models\ipadapter\ip-adapter-plus_sdxl_vit-h.safetensors","UNKNOWN"
"K:\.ai_local\SwarmUI\Models\ipadapter\ip-adapter_sd15.safetensors","UNKNOWN"
"K:\.ai_local\SwarmUI\Models\ipadapter\ip-adapter_sd15_vit-G.safetensors","UNKNOWN"
"K:\.ai_local\SwarmUI\Models\ipadapter\ip-adapter_sdxl.safetensors","UNKNOWN"
"K:\.ai_local\SwarmUI\Models\ipadapter\ip-adapter_sdxl_vit-h.safetensors","UNKNOWN"
"K:\.ai_local\SwarmUI\Models\ipadapter\ip_plus_composition_sd15.safetensors","UNKNOWN"
"K:\.ai_local\SwarmUI\Models\ipadapter\ip_plus_composition_sdxl.safetensors","UNKNOWN"
"K:\.ai_local\SwarmUI\Models\lora\amateur_style_v1_pony.safetensors","UNKNOWN"
"K:\.ai_local\SwarmUI\Models\lora\Beautiful face_alpha1.0_rank4_noxattn_last.safetensors","UNKNOWN"
"K:\.ai_local\SwarmUI\Models\lora\Breast_Size_Slider_-_Pony_-_Illustrious_-_Pony.safetensors","UNKNOWN"
"K:\.ai_local\SwarmUI\Models\lora\Bubble Butt_alpha1.0_rank4_noxattn_last.safetensors","UNKNOWN"
"K:\.ai_local\SwarmUI\Models\lora\Detail_Tweaker_LoRA_v1-0.safetensors","UNKNOWN"
"K:\.ai_local\SwarmUI\Models\lora\Dramatic_Lighting_Slider_-_v1-0.safetensors","UNKNOWN"
"K:\.ai_local\SwarmUI\Models\lora\Flux\Jessica_Alba_Flux_-_v10.safetensors","UNKNOWN"
"K:\.ai_local\SwarmUI\Models\lora\Flux\Perfection_F1D_v2-5.safetensors","UNKNOWN"
"K:\.ai_local\SwarmUI\Models\lora\Flux\Skirtlift_the_Astonishing_Sequel_to_Shirtlift_-_Skirtliftv1.safetensors","UNKNOWN"
"K:\.ai_local\SwarmUI\Models\lora\hyperass_850-1e-5-av3-LoRA-epoc43-v3.safetensors","UNKNOWN"
"K:\.ai_local\SwarmUI\Models\lora\Illustrious.safetensors","UNKNOWN"
"K:\.ai_local\SwarmUI\Models\lora\InsertionSlider_alpha1.0_rank4_noxattn_last.safetensors","UNKNOWN"
"K:\.ai_local\SwarmUI\Models\lora\ip-adapter-faceid-plusv2_sd15_lora.safetensors","UNKNOWN"
"K:\.ai_local\SwarmUI\Models\lora\ip-adapter-faceid-plusv2_sdxl_lora.safetensors","UNKNOWN"
"K:\.ai_local\SwarmUI\Models\lora\ip-adapter-faceid_sd15_lora.safetensors","UNKNOWN"
"K:\.ai_local\SwarmUI\Models\lora\ip-adapter-faceid_sdxl_lora.safetensors","UNKNOWN"
"K:\.ai_local\SwarmUI\Models\lora\ipadapter\ip-adapter-faceid-plusv2_sd15_lora.safetensors","UNKNOWN"
"K:\.ai_local\SwarmUI\Models\lora\ipadapter\ip-adapter-faceid-plusv2_sdxl_lora.safetensors","UNKNOWN"
"K:\.ai_local\SwarmUI\Models\lora\ipadapter\ip-adapter-faceid_sdxl_lora.safetensors","UNKNOWN"
"K:\.ai_local\SwarmUI\Models\lora\Krea2\Nizur_Girls_=_Narrow_Waist_+_Thick_Thighs_-pear-shaped_figure-_-_Krea2_Lite.safetensors","UNKNOWN"
"K:\.ai_local\SwarmUI\Models\lora\Krea2\SFW_Filter_Slider_-_Krea2_-Zero-Train-_-_V1.safetensors","UNKNOWN"
"K:\.ai_local\SwarmUI\Models\lora\leaked_nudes_style_v1_fixed.safetensors","UNKNOWN"
"K:\.ai_local\SwarmUI\Models\lora\MiniMaxH3\Fingering_-_Minimax_H3_v4.safetensors","UNKNOWN"
"K:\.ai_local\SwarmUI\Models\lora\NSFW_MASTER_FLUX_-_Z-Image_Turbo_V1.safetensors","UNKNOWN"
"K:\.ai_local\SwarmUI\Models\lora\Parts\dmd2_sdxl_4step_lora_fp16.safetensors","UNKNOWN"
"K:\.ai_local\SwarmUI\Models\lora\Parts\real-humans-PublicPrompts.safetensors","UNKNOWN"
"K:\.ai_local\SwarmUI\Models\lora\Penis Size_alpha1.0_rank4_noxattn_last.safetensors","UNKNOWN"
"K:\.ai_local\SwarmUI\Models\lora\Point_and_shoot_v0.1.safetensors","UNKNOWN"
"K:\.ai_local\SwarmUI\Models\lora\Pony\Vagina_Size-Opening_Slider_-_Pony-SDXL_-_v1-0.safetensors","UNKNOWN"
"K:\.ai_local\SwarmUI\Models\lora\Pony_Realism_Slider_-_v1-0.safetensors","UNKNOWN"
"K:\.ai_local\SwarmUI\Models\lora\RAW_mode_-_RAW_MODE_Photography_V2.safetensors","UNKNOWN"
"K:\.ai_local\SwarmUI\Models\lora\REdzimage_15-Lora.safetensors","UNKNOWN"
"K:\.ai_local\SwarmUI\Models\lora\StS_PonyXL_Detail_Slider_v1.4_iteration_3.safetensors","UNKNOWN"
"K:\.ai_local\SwarmUI\Models\lora\tate\ernie_tatemcrae_v1_onetrainer.safetensors","UNKNOWN"
"K:\.ai_local\SwarmUI\Models\lora\tate\krea2_tatemcrae_v1_onetrainer.safetensors","UNKNOWN"
"K:\.ai_local\SwarmUI\Models\lora\tate\Tate_McRae_Flux_Model_-_v20.safetensors","UNKNOWN"
"K:\.ai_local\SwarmUI\Models\lora\tate\zbase_tatemcrae_v1.safetensors","UNKNOWN"
"K:\.ai_local\SwarmUI\Models\lora\tate\zimage_tatemcrae_v2_onetrainer_resized.safetensors","UNKNOWN"
"K:\.ai_local\SwarmUI\Models\lora\Tattoo_Slider_Pony_-_Illustrious_-_Illustrious.safetensors","UNKNOWN"
"K:\.ai_local\SwarmUI\Models\lora\taylor\krea2_taylorswift_v1_onetrainer.safetensors","UNKNOWN"
"K:\.ai_local\SwarmUI\Models\lora\taylor\locon_taylorswift_v1_from_v1_64_32.safetensors","UNKNOWN"
"K:\.ai_local\SwarmUI\Models\lora\taylor\wan_taylorswift_v1.safetensors","UNKNOWN"
"K:\.ai_local\SwarmUI\Models\lora\taylor\zbase_taylorswift_v1.safetensors","UNKNOWN"
"K:\.ai_local\SwarmUI\Models\lora\taylor\zimage_taylorswift_v2_onetrainer.safetensors","UNKNOWN"
"K:\.ai_local\SwarmUI\Models\lora\taylor.safetensors","UNKNOWN"
"K:\.ai_local\SwarmUI\Models\lora\TaySwift-LoRA.safetensors","UNKNOWN"
"K:\.ai_local\SwarmUI\Models\lora\Thigh Size Slider V2_alpha1.0_rank4_noxattn_last.safetensors","UNKNOWN"
"K:\.ai_local\SwarmUI\Models\lora\venus_body_ILXL_v2.safetensors","UNKNOWN"
"K:\.ai_local\SwarmUI\Models\lora\Wan\-wan_2-2_experimental-_WAN_General_NSFW_model_-_2-1_v-014_-FIXED-.safetensors","UNKNOWN"
"K:\.ai_local\SwarmUI\Models\lora\Wan\FastWan_T2V_14B_480p_lora_rank_128_bf16.safetensors","UNKNOWN"
"K:\.ai_local\SwarmUI\Models\lora\Wan\Ultimate_Deepthroat_-_Wan_Video_LoRa_-_v2-0.safetensors","UNKNOWN"
"K:\.ai_local\SwarmUI\Models\lora\Wan\UniAnimate-Wan2.1-14B-Lora-12000-fp16.safetensors","UNKNOWN"
"K:\.ai_local\SwarmUI\Models\lora\Wan\Wan21_T2V_14B_lightx2v_cfg_step_distill_lora_rank32.safetensors","UNKNOWN"
"K:\.ai_local\SwarmUI\Models\lora\Wan\Wan2_1_EchoShot_1_3B_lora_rank_128_fp16.safetensors","UNKNOWN"
"K:\.ai_local\SwarmUI\Models\lora\wan2.2-i2v-low-sex-smashcut-v1.0.safetensors","UNKNOWN"
"K:\.ai_local\SwarmUI\Models\lora\WAN_DR34ML4Y_-_All-In-One_NSFW_-_DR34ML4Y_I2V_14B_HIGH_v2.safetensors","UNKNOWN"
"K:\.ai_local\SwarmUI\Models\lora\WAN_DR34ML4Y_-_All-In-One_NSFW_-_DR34ML4Y_I2V_14B_LOW_v2.safetensors","UNKNOWN"
"K:\.ai_local\SwarmUI\Models\lora\XL_FD-Mondello-Beach-R16.safetensors","UNKNOWN"
"K:\.ai_local\SwarmUI\Models\lora\Z\Nizur_Girls_=_Narrow_Waist_+_Thick_Thighs_-pear-shaped_figure-_-_ZIT_Lite.safetensors","UNKNOWN"
"K:\.ai_local\SwarmUI\Models\lora\Z\Perfection_zit_v1-1.safetensors","UNKNOWN"
"K:\.ai_local\SwarmUI\Models\stable-diffusion\aMixIllustrious_aMix.safetensors","UNKNOWN"
"K:\.ai_local\SwarmUI\Models\stable-diffusion\Big_Love_-_Photo6.safetensors","UNKNOWN"
"K:\.ai_local\SwarmUI\Models\stable-diffusion\Big_Love_-_ZT3.safetensors","UNKNOWN"
"K:\.ai_local\SwarmUI\Models\stable-diffusion\bigASP_2.safetensors","UNKNOWN"
"K:\.ai_local\SwarmUI\Models\stable-diffusion\CyberRealistic_-_Final.safetensors","UNKNOWN"
"K:\.ai_local\SwarmUI\Models\stable-diffusion\CyberRealistic_Pony_-_v12-7_Alt.safetensors","UNKNOWN"
"K:\.ai_local\SwarmUI\Models\stable-diffusion\CyberRealistic_Pony_Catalyst_-_Catalyst_v3-0.safetensors","UNKNOWN"
"K:\.ai_local\SwarmUI\Models\stable-diffusion\CyberRealistic_Pony_Semi-Realistic_-_Semi-Real_v3-6.safetensors","UNKNOWN"
"K:\.ai_local\SwarmUI\Models\stable-diffusion\darkmixMojitoIllustrious_v200.safetensors","UNKNOWN"
"K:\.ai_local\SwarmUI\Models\stable-diffusion\DreamShaper_-_6-2_baked_vae.safetensors","UNKNOWN"
"K:\.ai_local\SwarmUI\Models\stable-diffusion\DreamShaper_-_8.safetensors","UNKNOWN"
"K:\.ai_local\SwarmUI\Models\stable-diffusion\DreamShaper_8.safetensors","UNKNOWN"
"K:\.ai_local\SwarmUI\Models\stable-diffusion\Hassaku_XL_-Illustrious-_-_v3-4.safetensors","UNKNOWN"
"K:\.ai_local\SwarmUI\Models\stable-diffusion\hyphoriaIlluNAI_v001 (1).safetensors","UNKNOWN"
"K:\.ai_local\SwarmUI\Models\stable-diffusion\hyphoriaIlluNAI_v001.safetensors","UNKNOWN"
"K:\.ai_local\SwarmUI\Models\stable-diffusion\hyphoriaRealIllu_v09.safetensors","UNKNOWN"
"K:\.ai_local\SwarmUI\Models\stable-diffusion\Illustrij_-_v18.safetensors","UNKNOWN"
"K:\.ai_local\SwarmUI\Models\stable-diffusion\illustrij_v15.safetensors","UNKNOWN"
"K:\.ai_local\SwarmUI\Models\stable-diffusion\illustrij_v20.safetensors","UNKNOWN"
"K:\.ai_local\SwarmUI\Models\stable-diffusion\illustrij_v925D.safetensors","UNKNOWN"
"K:\.ai_local\SwarmUI\Models\stable-diffusion\injoij_-_v1.safetensors","UNKNOWN"
"K:\.ai_local\SwarmUI\Models\stable-diffusion\injoij_v1.safetensors","UNKNOWN"
"K:\.ai_local\SwarmUI\Models\stable-diffusion\JANKUV5TrainedNoobai_v50.safetensors","UNKNOWN"
"K:\.ai_local\SwarmUI\Models\stable-diffusion\Juggernaut_XL_-_Ragnarok_by_RunDiffusion.safetensors","UNKNOWN"
"K:\.ai_local\SwarmUI\Models\stable-diffusion\Krea2\Animosity_-_Krea2_Ver_1-0_Turbo.safetensors","UNKNOWN"
"K:\.ai_local\SwarmUI\Models\stable-diffusion\Krea2\LUSTIFY-_-NSFW_checkpoint-_-_v10_-Krea_2-.safetensors","UNKNOWN"
"K:\.ai_local\SwarmUI\Models\stable-diffusion\lucentxlPonyByKlaabu_b10.safetensors","UNKNOWN"
"K:\.ai_local\SwarmUI\Models\stable-diffusion\LUSTIFY-_-NSFW_checkpoint-_-_v10_-Krea_2-.safetensors","UNKNOWN"
"K:\.ai_local\SwarmUI\Models\stable-diffusion\OfficialStableDiffusion\sd_xl_base_1.0.safetensors","UNKNOWN"
"K:\.ai_local\SwarmUI\Models\stable-diffusion\One_obsession_-_v18.safetensors","UNKNOWN"
"K:\.ai_local\SwarmUI\Models\stable-diffusion\oneObsession_v20Bold.safetensors","UNKNOWN"
"K:\.ai_local\SwarmUI\Models\stable-diffusion\PerfectDeliberate-9.safetensors","UNKNOWN"
"K:\.ai_local\SwarmUI\Models\stable-diffusion\PerfectDeliberate_-_v2-0.safetensors","UNKNOWN"
"K:\.ai_local\SwarmUI\Models\stable-diffusion\PerfectDeliberate_-_v7-0.safetensors","UNKNOWN"
"K:\.ai_local\SwarmUI\Models\stable-diffusion\perfectdeliberate_v30.safetensors","UNKNOWN"
"K:\.ai_local\SwarmUI\Models\stable-diffusion\pieModels_blueberryPie.safetensors","UNKNOWN"
"K:\.ai_local\SwarmUI\Models\stable-diffusion\Porn_Craft_By_Stable_Yogi_-Illustrious-_-_v5-0_FP32.safetensors","UNKNOWN"
"K:\.ai_local\SwarmUI\Models\stable-diffusion\RealCartoon-Realistic_17.safetensors","UNKNOWN"
"K:\.ai_local\SwarmUI\Models\stable-diffusion\Realism_Illustrious_By_Stable_Yogi_-_v5-0_FP16.safetensors","UNKNOWN"
"K:\.ai_local\SwarmUI\Models\stable-diffusion\Realistic_Vision_6+Hyper_51.safetensors","UNKNOWN"
"K:\.ai_local\SwarmUI\Models\stable-diffusion\RealSpicyMix_-_v2-0.safetensors","UNKNOWN"
"K:\.ai_local\SwarmUI\Models\stable-diffusion\tenumaxl2_v1.safetensors","UNKNOWN"
"K:\.ai_local\SwarmUI\Models\stable-diffusion\thibaud_xl_openpose.safetensors","UNKNOWN"
"K:\.ai_local\SwarmUI\Models\stable-diffusion\UNLIMITED_PORN_2.fp16.safetensors","UNKNOWN"
"K:\.ai_local\SwarmUI\Models\stable-diffusion\VirtualMagicIllustrious_-_v3C-0.safetensors","UNKNOWN"
"K:\.ai_local\SwarmUI\Models\stable-diffusion\waiIllustriousSDXL_v150.safetensors","UNKNOWN"
"K:\.ai_local\SwarmUI\Models\stable-diffusion\z_image_turbo_bf16.safetensors","UNKNOWN"
"K:\.ai_local\SwarmUI\Models\text_encoders\gemma_3_12B_it.safetensors","UNKNOWN"
"K:\.ai_local\SwarmUI\Models\text_encoders\mistral_3_small_flux2.safetensors","UNKNOWN"
"K:\.ai_local\SwarmUI\Models\text_encoders\qwen3vl_4b.safetensors","UNKNOWN"
"K:\.ai_local\SwarmUI\Models\text_encoders\qwen_3_4b.safetensors","UNKNOWN"
"K:\.ai_local\SwarmUI\Models\text_encoders\qwen_3_600m.safetensors","UNKNOWN"
"K:\.ai_local\SwarmUI\Models\text_encoders\t5xxl_enconly.safetensors","UNKNOWN"
"K:\.ai_local\SwarmUI\Models\text_encoders\umt5_xxl_fp8_e4m3fn_scaled.safetensors","UNKNOWN"
"K:\.ai_local\SwarmUI\Models\vae\ae.safetensors","UNKNOWN"
"K:\.ai_local\SwarmUI\Models\vae\flux2-vae.safetensors","UNKNOWN"
"K:\.ai_local\SwarmUI\Models\vae\QwenImage\qwen_image_vae.safetensors","UNKNOWN"
"K:\.ai_local\SwarmUI\Models\vae\realisticVisionV51_v51VAE.safetensors","UNKNOWN"
"K:\.ai_local\SwarmUI\Models\vae\Remacri_-_Original.safetensors","UNKNOWN"
"K:\.ai_local\SwarmUI\Models\vae\vae_flux.safetensors","UNKNOWN"
